s: stack,https://stackoverflow.com/questions/ask/
s: unix,https://unix.stackexchange.com/questions/ask
s: mathematica,http://mathematica.stackexchange.com/questions/ask
s: world building,http://worldbuilding.stackexchange.com/questions/ask
s: magento,http://magento.stackexchange.com/questions/ask
s: geographic information systems,https://gis.stackexchange.com/questions/ask
s: code review,http://codereview.stackexchange.com/questions/ask
s: physics,http://physics.stackexchange.com/questions/ask
s: tor,http://tor.stackexchange.com/questions/ask
s: signal processing,https://dsp.stackexchange.com/questions/ask
s: expression engine,http://expressionengine.stackexchange.com/questions/ask
s: writers,http://writers.stackexchange.com/questions/ask
s: pro webmasters,http://webmasters.stackexchange.com/questions/ask
s: music,http://music.stackexchange.com/questions/ask
s: raspberry pi,http://raspberrypi.stackexchange.com/questions/ask
s: travel,http://travel.stackexchange.com/questions/ask
s: biblical hermeneutics,https://hermeneutics.stackexchange.com/questions/ask
s: politics,http://politics.stackexchange.com/questions/ask
s: movies,http://movies.stackexchange.com/questions/ask
s: math overflow,http://mathoverflow.net/questions/ask
s: meta,http://meta.stackexchange.com/questions/ask
s: database administrators,https://dba.stackexchange.com/questions/ask
s: cognitive sciences,https://cogsci.stackexchange.com/questions/ask
s: theoretical computer science,http://cstheory.stackexchange.com/questions/ask
s: personal finance & money,http://money.stackexchange.com/questions/ask
s: sound design,https://sound.stackexchange.com/questions/ask
s: sustainable living,https://sustainability.stackexchange.com/questions/ask
s: computer graphics,http://computergraphics.stackexchange.com/questions/ask
s: sports,http://sports.stackexchange.com/questions/ask
s: expatriates,https://expatriates.stackexchange.com/questions/ask
s: physical fitness,http://fitness.stackexchange.com/questions/ask
s: software quality assurance & testing,https://sqa.stackexchange.com/questions/ask
s: english language & usage,https://english.stackexchange.com/questions/ask
s: gamedev,https://gamedev.stackexchange.com/questions/ask
s: reverse engineering,https://reverseengineering.stackexchange.com/questions/ask
s: great outdoors,https://outdoors.stackexchange.com/questions/ask
s: software engineering,https://softwareengineering.stackexchange.com/questions/ask
s: electrical engineering,http://electronics.stackexchange.com/questions/ask?title=
s: history,http://history.stackexchange.com/questions/ask
s: linguistics,https://linguistics.stackexchange.com/questions/ask
s: spanish language,http://spanish.stackexchange.com/questions/ask
s: amateur radio,https://ham.stackexchange.com/questions/ask
s: philosophy,https://philosophy.stackexchange.com/questions/ask
s: super user,http://superuser.com/questions/ask
s: martial arts,http://martialarts.stackexchange.com/questions/ask
s: quantitative finance,https://quant.stackexchange.com/questions/ask
s: space exploration,https://space.stackexchange.com/questions/ask
s: software recommendations,https://softwarerecs.stackexchange.com/questions/ask
s: seasoned advice,https://cooking.stackexchange.com/questions/ask
s: italian language,https://italian.stackexchange.com/
s: stack apps,https://stackapps.com/questions/ask#
s: cross validated,https://stats.stackexchange.com/questions/ask
s: home improvement,https://diy.stackexchange.com/questions/ask
s: motor vehicle maintenance & repair,https://mechanics.stackexchange.com/questions/ask
s: ebooks,https://ebooks.stackexchange.com/questions/ask
s: information security,https://security.stackexchange.com/questions/ask
s: pets,https://pets.stackexchange.com/questions/ask
s: math educators,http://matheducators.stackexchange.com/questions/ask
s: personal productivity,https://productivity.stackexchange.com/questions/ask
s: english language learners,https://ell.stackexchange.com/questions/ask
s: open data,https://opendata.stackexchange.com/questions/ask
s: garderning & landscaping,https://gardening.stackexchange.com/questions/ask
s: salesforce,https://salesforce.stackexchange.com/questions/ask
s: science fiction & fantasy,https://scifi.stackexchange.com/questions/ask
s: freelancing,http://freelancing.stackexchange.com/questions/ask
s: photography,https://photo.stackexchange.com/questions/ask
s: wordpress development,https://wordpress.stackexchange.com/questions/ask
s: gaming,https://gaming.stackexchange.com/questions/ask
s: anime & manga,http://anime.stackexchange.com/questions/ask
s: parenting,https://parenting.stackexchange.com/questions/ask
s: server fault,http://serverfault.com/questions/ask?title=
s: computer science,https://cs.stackexchange.com/questions/ask
s: skeptics,https://skeptics.stackexchange.com/questions/ask
s: robotics,https://robotics.stackexchange.com/questions/ask
s: role playing games,https://rpg.stackexchange.com/questions/ask
s: genealogy & family history,https://genealogy.stackexchange.com/questions/ask
s: biology,https://biology.stackexchange.com/questions/ask
s: french language,https://french.stackexchange.com/questions/ask
s: cryptography,https://crypto.stackexchange.com/questions/ask
s: japanese language,https://japanese.stackexchange.com/questions/ask
s: workplace,https://workplace.stackexchange.com/questions/ask
s: homebrewing,https://homebrew.stackexchange.com/questions/ask
s: russian language,https://russian.stackexchange.com/questions/ask
s: tex,https://tex.stackexchange.com/questions/ask
s: chinese,http://chinese.stackexchange.com/questions/ask
s: computational science,https://scicomp.stackexchange.com/questions/ask
s: video production,https://video.stackexchange.com/questions/ask
s: arduino,http://arduino.stackexchange.com/questions/ask
s: bicycles,https://bicycles.stackexchange.com/questions/ask
s: poker,https://poker.stackexchange.com/questions/ask
s: web applications,https://webapps.stackexchange.com/questions/ask
s: board & card games,https://boardgames.stackexchange.com/questions/ask
s: bitcoin,https://bitcoin.stackexchange.com/questions/ask
s: android enthusiasts,https://android.stackexchange.com/questions/ask
s: astronomy,https://astronomy.stackexchange.com/questions/ask
s: blender,https://blender.stackexchange.com/questions/ask
s: buddhism,https://buddhism.stackexchange.com/questions/ask
s: sharepoint,https://sharepoint.stackexchange.com/questions/ask
s: network engineering,https://networkengineering.stackexchange.com/questions/ask
s: ask different,https://apple.stackexchange.com/questions/ask
s: data science,https://datascience.stackexchange.com/questions/ask
s: ask patents,https://patents.stackexchange.com/questions/ask
s: mathematics,http://math.stackexchange.com/questions/ask?title=
s: programming puzzles & code golf,https://codegolf.stackexchange.com/questions/ask
s: lego brick,https://bricks.stackexchange.com/questions/ask
s: drupal,https://drupal.stackexchange.com/questions/ask
s: ask ubuntu,http://askubuntu.com/questions/ask
s: chess,https://chess.stackexchange.com/questions/ask
s: academia,https://academia.stackexchange.com/questions/ask
s: unix & linux,https://unix.stackexchange.com/questions/ask
s: graphic design,https://graphicdesign.stackexchange.com/questions/ask
s: chemistry,https://chemistry.stackexchange.com/questions/ask
s: german language,https://german.stackexchange.com/questions/ask
s: islam,https://islam.stackexchange.com/questions/ask
s: project management,https://pm.stackexchange.com/questions/ask
s: aviation,https://aviation.stackexchange.com/questions/ask
w: goodreads quote ,https://www.goodreads.com/quotes/new
w: telegraph ,http://telegra.ph
w: product hunt,https://www.producthunt.com/posts/new
w: codepen,http://codepen.io/pen/
w: hacker news,https://news.ycombinator.com/submit
r: anki,https://www.reddit.com/r/Anki/
r: vegan,https://www.reddit.com/r/vegan/submit
r: cool github projects,https://www.reddit.com/r/coolgithubprojects/submit
r: res,https://www.reddit.com/r/Enhancement/submit?selftext=true
r: vim,https://www.reddit.com/r/vim/submit
r: get disciplined,https://www.reddit.com/r/getdisciplined/submit?selftext=true
r: programming,https://www.reddit.com/r/programming/submit
r: haskell,https://www.reddit.com/r/haskell/submit
r: golang,https://www.reddit.com/r/golang/submit
r: vim magic,https://www.reddit.com/r/vim_magic/submit
r: lsd,https://www.reddit.com/r/LSD/submit
r: gamedev,https://www.reddit.com/r/gamedev/submit
r: reinforcement learning,https://www.reddit.com/r/reinforcementlearning/
r: electrical engineering,https://www.reddit.com/r/ECE/submit
r: swift,https://www.reddit.com/r/swift/submit
r: experimental music,https://www.reddit.com/r/experimentalmusic/submit
r: mac apps,https://www.reddit.com/r/macapps/submit
r: front end,https://www.reddit.com/r/Frontend/submit
r: web design,https://www.reddit.com/r/web_design/submit
r: learn machine learning,https://www.reddit.com/r/learnmachinelearning/submit
r: ml questions,https://www.reddit.com/r/MLQuestions/submit
r: macOS,https://www.reddit.com/r/MacOS/submit
r: privacy,https://www.reddit.com/r/privacy/submit
r: android,https://www.reddit.com/r/Android/submit
r: learn javascript,https://www.reddit.com/r/learnjavascript/submit
r: reactJS,https://www.reddit.com/r/reactjs/submit
r: alfred,https://www.reddit.com/r/Alfred/submit
r: neural networks,https://www.reddit.com/r/neuralnetworks/submit
r: netsec,https://www.reddit.com/r/netsec/submit
r: learn programming,https://www.reddit.com/r/learnprogramming/submit?selftext=true
r: python,https://www.reddit.com/r/Python/submit
r: future beats,https://www.reddit.com/r/futurebeats/submit
r: meditation,https://www.reddit.com/r/Meditation/submit
r: rational psychonaut,https://www.reddit.com/r/RationalPsychonaut/submit
r: webdev,https://www.reddit.com/r/webdev/submit
r: physics,https://www.reddit.com/r/Physics/submit
r: apple,https://www.reddit.com/r/apple/submit
r: docker,https://www.reddit.com/r/docker/submit
r: math,https://www.reddit.com/r/math/submit
r: computer vision,https://www.reddit.com/r/computervision/submit
r: machine learning,https://www.reddit.com/r/MachineLearning/submit
r: nootropics,https://www.reddit.com/r/Nootropics/submit
r: probability theory,https://www.reddit.com/r/probabilitytheory/submit
r: statistics,https://www.reddit.com/r/statistics/submit
r: rails,https://www.reddit.com/r/rails/submit
r: listen to this,https://www.reddit.com/r/listentothis/submit
r: programmer TIL,https://www.reddit.com/r/ProgrammerTIL/submit?selftext=true
r: node,https://www.reddit.com/r/node/submit
r: health,https://www.reddit.com/r/Health/submit
r: psychonaut,https://www.reddit.com/r/Psychonaut/submit
r: sysadmin,https://www.reddit.com/r/sysadmin/submit
r: iOS programming,https://www.reddit.com/r/iOSProgramming/submit
r: askreddit,https://www.reddit.com/r/AskReddit/submit?selftext=true
r: osx,https://www.reddit.com/r/osx/submit
r: reverse engineering,https://www.reddit.com/r/ReverseEngineering/submit
r: future pop music,https://www.reddit.com/r/futurepopmusic/submit
r: math pics,https://www.reddit.com/r/mathpics/submit
r: linux,https://www.reddit.com/r/linux/submit
d: new google doc,https://docs.google.com/document/create
d: new google form,https://docs.google.com/forms/create
d: new google sheet,https://docs.google.com/spreadsheets/create
d: new google presentation,https://docs.google.com/presentation/create
g: new gist,https://gist.github.com
g: new github repo,https://github.com/new
f: alfred help,https://www.alfredforum.com/forum/2-discussion-help/?do=add
f: alfred share workflow,https://www.alfredforum.com/forum/3-share-your-workflows/?do=add
f: alfred workflow help,https://www.alfredforum.com/forum/13-workflow-help-questions/?do=add
f: alfred bug report,https://www.alfredforum.com/forum/6-bug-reports/?do=add
f: alfred feature suggestion,https://www.alfredforum.com/forum/5-alfred-feature-suggestions/?do=add
r: apple,https://www.reddit.com/r/apple/submit
s: beer wine and & spirits,https://alcohol.stackexchange.com/questions/ask
w: youtube,https://www.youtube.com/upload
r: simulated reality,https://www.reddit.com/r/AWLIAS/submit